,AUROC,AUPRC,C-index,Precision,Recall,F1,F2
TCGA_Genomic_Model,0.6419753086419753,0.23117209479007092,0.6419753086419753,0.19117647058823528,0.9285714285714286,0.3170731707317073,0.5241935483870968
