,AUROC,AUPRC,C-index,Precision,Recall,F1,F2
TCGA_Imaging_Model,0.6590909090909091,0.4469285243741765,0.6590909090909091,0.17391304347826086,1.0,0.2962962962962963,0.5128205128205128
